Unnamed: 0,CASE#,DATE  OF OCCURRENCE,BLOCK, IUCR, PRIMARY DESCRIPTION, SECONDARY DESCRIPTION, LOCATION DESCRIPTION,ARREST,DOMESTIC,BEAT,WARD,FBI CD,X COORDINATE,Y COORDINATE,LATITUDE,LONGITUDE,LOCATION,DISTRICT
73523,JA274845,05/22/2017 05:45:00 PM,030XX E 100TH ST,0890,THEFT,FROM BUILDING,GROCERY FOOD STORE,N,N,431,10.0,06,1197954.0,1839122.0,41.713389632,-87.550620923,"(41.713389632, -87.550620923)",4.0
203687,JA176315,03/05/2017 08:37:00 PM,086XX S DORCHESTER AVE,1310,CRIMINAL DAMAGE,TO PROPERTY,STREET,N,N,412,8.0,14,1187042.0,1848013.0,41.738052759,-87.590302834,"(41.738052759, -87.590302834)",4.0
211810,JA302364,06/11/2017 04:01:00 PM,067XX S CALIFORNIA AVE,0486,BATTERY,DOMESTIC BATTERY SIMPLE,STREET,N,Y,831,18.0,08B,1158870.0,1859925.0,41.771362227,-87.693193691,"(41.771362227, -87.693193691)",8.0
189407,HZ515615,11/14/2016 08:00:00 AM,069XX S CALUMET AVE,0620,BURGLARY,UNLAWFUL ENTRY,APARTMENT,N,N,322,6.0,05,1179684.0,1858866.0,41.76800577,-87.616929404,"(41.76800577, -87.616929404)",3.0
197484,HZ523445,11/21/2016 06:50:00 AM,055XX W SCHOOL ST,4387,OTHER OFFENSE,VIOLATE ORDER OF PROTECTION,RESIDENCE,Y,Y,1633,38.0,26,1138875.0,1921392.0,41.940421443,-87.764998291,"(41.940421443, -87.764998291)",16.0
87235,JA346707,07/13/2017 03:30:00 PM,002XX N LA CROSSE AVE,0460,BATTERY,SIMPLE,STREET,N,N,1532,28.0,08B,1144003.0,1901142.0,41.884758456,-87.746659991,"(41.884758456, -87.746659991)",15.0
179819,HZ505945,11/07/2016 09:40:00 AM,052XX S COTTAGE GROVE AVE,031A,ROBBERY,ARMED: HANDGUN,STREET,N,N,233,4.0,03,1182473.0,1870541.0,41.799978827,-87.606344711,"(41.799978827, -87.606344711)",2.0
3051,HZ564404,12/25/2016 03:29:00 AM,010XX N LAMON AVE,0486,BATTERY,DOMESTIC BATTERY SIMPLE,APARTMENT,Y,Y,1531,37.0,08B,1143506.0,1906376.0,41.899130473,-87.748354035,"(41.899130473, -87.748354035)",15.0
251451,JA481547,10/22/2017 04:25:00 PM,063XX S WOODLAWN AVE,0560,ASSAULT,SIMPLE,APARTMENT,N,Y,314,20.0,08A,1185308.0,1863150.0,41.779631054,-87.596180489,"(41.779631054, -87.596180489)",3.0
113632,JA382405,08/06/2017 05:00:00 PM,019XX S PULASKI RD,0820,THEFT,$500 AND UNDER,SIDEWALK,N,N,1014,24.0,06,1150021.0,1890262.0,41.854787454,-87.724844016,"(41.854787454, -87.724844016)",10.0
184078,HZ509995,11/10/2016 01:05:00 PM,072XX S SANGAMON ST,031A,ROBBERY,ARMED: HANDGUN,STREET,N,N,733,17.0,03,1171227.0,1856852.0,41.762668219,-87.647986928,"(41.762668219, -87.647986928)",7.0
70313,JA267347,05/17/2017 10:45:00 AM,078XX S LAFLIN ST,0560,ASSAULT,SIMPLE,OTHER,N,N,612,17.0,08A,,,,,,
31024,JA214654,04/06/2017 12:00:00 PM,009XX E 76TH ST,0820,THEFT,$500 AND UNDER,RESIDENCE,N,Y,624,8.0,06,1184019.0,1854820.0,41.756802969,-87.601166028,"(41.756802969, -87.601166028)",6.0
227897,JA311337,06/17/2017 05:35:00 PM,026XX N MILWAUKEE AVE,1310,CRIMINAL DAMAGE,TO PROPERTY,RESTAURANT,N,N,1412,35.0,14,1154199.0,1917666.0,41.929904413,-87.708776703,"(41.929904413, -87.708776703)",14.0
55609,JA241758,04/26/2017 07:00:00 PM,058XX S PRINCETON AVE,2826,OTHER OFFENSE,HARASSMENT BY ELECTRONIC MEANS,RESIDENCE,N,Y,711,20.0,26,1175288.0,1866113.0,41.787991677,-87.632826294,"(41.787991677, -87.632826294)",7.0
181372,JA160666,02/19/2017 12:00:00 PM,003XX E WACKER DR,0810,THEFT,OVER $500,PARKING LOT/GARAGE(NON.RESID.),N,N,114,42.0,06,1178811.0,1902449.0,41.887620806,-87.618800643,"(41.887620806, -87.618800643)",1.0
126141,JA397752,08/18/2017 10:00:00 PM,070XX S MORGAN ST,0910,MOTOR VEHICLE THEFT,AUTOMOBILE,STREET,N,N,733,17.0,07,1170859.0,1858210.0,41.766402779,-87.649296123,"(41.766402779, -87.649296123)",7.0
180798,HZ510118,11/05/2016 04:00:00 PM,014XX S TRIPP AVE,0810,THEFT,OVER $500,RESIDENCE,N,N,1011,24.0,06,1148282.0,1892849.0,41.861920144,-87.731160359,"(41.861920144, -87.731160359)",10.0
52921,JA334485,07/04/2017 11:00:00 AM,052XX S CALUMET AVE,0620,BURGLARY,UNLAWFUL ENTRY,APARTMENT,N,N,231,3.0,05,1179372.0,1870357.0,41.799545321,-87.617722474,"(41.799545321, -87.617722474)",2.0
93848,JA453382,09/30/2017 02:30:00 PM,024XX W 65TH ST,0920,MOTOR VEHICLE THEFT,ATT: AUTOMOBILE,STREET,N,N,832,15.0,07,1161065.0,1861484.0,41.775595229,-87.685104457,"(41.775595229, -87.685104457)",8.0
118834,JA458096,10/04/2017 10:00:00 AM,008XX W CHICAGO AVE,0486,BATTERY,DOMESTIC BATTERY SIMPLE,STREET,N,Y,1213,27.0,08B,1170880.0,1905584.0,41.896400972,-87.647833511,"(41.896400972, -87.647833511)",12.0
230229,HZ556514,12/18/2016 08:00:00 PM,033XX W 63RD ST,0810,THEFT,OVER $500,GROCERY FOOD STORE,N,N,823,15.0,06,1155291.0,1862654.0,41.778923367,-87.70624024,"(41.778923367, -87.70624024)",8.0
124862,JA395945,08/17/2017 03:30:00 PM,064XX S TRIPP AVE,1345,CRIMINAL DAMAGE,TO CITY OF CHICAGO PROPERTY,"SCHOOL, PUBLIC, BUILDING",N,N,813,13.0,14,1149149.0,1861498.0,41.77587182,-87.728787414,"(41.77587182, -87.728787414)",8.0
142038,JA105687,01/05/2017 10:34:00 AM,034XX W ROOSEVELT RD,0820,THEFT,$500 AND UNDER,DEPARTMENT STORE,N,N,1021,24.0,06,1153720.0,1894499.0,41.866341527,-87.711154301,"(41.866341527, -87.711154301)",11.0
32097,JA220109,04/08/2017 05:30:00 PM,051XX W BELDEN AVE,0560,ASSAULT,SIMPLE,RESIDENCE,N,Y,2522,31.0,08A,1141564.0,1914802.0,41.922288469,-87.755278463,"(41.922288469, -87.755278463)",25.0
124046,JA394280,08/16/2017 11:35:00 PM,119XX S WALLACE ST,0460,BATTERY,SIMPLE,RESIDENCE PORCH/HALLWAY,N,Y,524,34.0,08B,1174459.0,1825661.0,41.677004496,-87.637065738,"(41.677004496, -87.637065738)",5.0
87922,JA348229,07/14/2017 07:35:00 PM,046XX W DIVERSEY AVE,0860,THEFT,RETAIL THEFT,SMALL RETAIL STORE,Y,N,2521,31.0,06,1144951.0,1918212.0,41.931582515,-87.742747165,"(41.931582515, -87.742747165)",25.0
70031,JA275713,05/02/2017 01:40:00 PM,0000X W RANDOLPH ST,0870,THEFT,POCKET-PICKING,OTHER,N,N,111,42.0,06,1176157.0,1901285.0,41.884486956,-87.628581948,"(41.884486956, -87.628581948)",1.0
237549,JA477418,10/19/2017 01:00:00 PM,003XX S FRANKLIN ST,1150,DECEPTIVE PRACTICE,CREDIT CARD FRAUD,BAR OR TAVERN,N,N,122,2.0,11,1174377.0,1898771.0,41.877628313,-87.635193375,"(41.877628313, -87.635193375)",1.0
77575,JA281534,05/27/2017 02:30:00 PM,003XX N MICHIGAN AVE,0810,THEFT,OVER $500,STREET,N,N,111,42.0,06,1177248.0,1902266.0,41.887154215,-87.624545946,"(41.887154215, -87.624545946)",1.0
258067,JA491339,10/29/2017 11:30:00 PM,079XX S EAST END AVE,1310,CRIMINAL DAMAGE,TO PROPERTY,APARTMENT,N,N,414,8.0,14,1189026.0,1852741.0,41.750979605,-87.582882982,"(41.750979605, -87.582882982)",4.0
220984,HZ545433,12/09/2016 09:41:00 AM,038XX W NORTH AVE,0337,ROBBERY,ATTEMPT: ARMED-OTHER DANG WEAP,CONVENIENCE STORE,N,N,2535,30.0,03,1150264.0,1910355.0,41.909920109,-87.723427962,"(41.909920109, -87.723427962)",25.0
248710,HZ560669,12/21/2016 09:31:00 PM,107XX S HALSTED ST,2022,NARCOTICS,POSS: COCAINE,STREET,Y,N,2233,34.0,18,1172887.0,1833623.0,41.698888198,-87.642586021,"(41.698888198, -87.642586021)",22.0
219963,HZ544636,12/08/2016 02:40:00 PM,008XX N MICHIGAN AVE,0860,THEFT,RETAIL THEFT,SMALL RETAIL STORE,Y,N,1833,42.0,06,1177339.0,1906234.0,41.89804054,-87.624091323,"(41.89804054, -87.624091323)",18.0
139788,JA136322,01/13/2017 01:00:00 PM,001XX W WACKER DR,0890,THEFT,FROM BUILDING,APARTMENT,N,N,122,42.0,06,1175349.0,1902127.0,41.886815622,-87.631523712,"(41.886815622, -87.631523712)",1.0
29592,JA213616,04/05/2017 02:24:00 PM,005XX W MONROE ST,0460,BATTERY,SIMPLE,STREET,Y,N,121,2.0,08B,1172908.0,1899834.0,41.880577917,-87.640555606,"(41.880577917, -87.640555606)",1.0
235362,JA416743,09/03/2017 01:05:00 AM,050XX S ARTESIAN AVE,0486,BATTERY,DOMESTIC BATTERY SIMPLE,RESIDENCE,N,Y,923,14.0,08B,1160879.0,1871239.0,41.8023681,-87.685516863,"(41.8023681, -87.685516863)",9.0
150262,JA104925,01/03/2017 04:00:00 PM,021XX S HOMAN AVE,1320,CRIMINAL DAMAGE,TO VEHICLE,STREET,N,N,1024,24.0,14,1154028.0,1889546.0,41.852743805,-87.710155576,"(41.852743805, -87.710155576)",10.0
5801,HZ568387,12/28/2016 07:50:00 PM,024XX E 79TH ST,0460,BATTERY,SIMPLE,STREET,N,N,421,7.0,08B,1193986.0,1853066.0,41.751751277,-87.564696801,"(41.751751277, -87.564696801)",4.0
54748,JA248414,05/02/2017 09:52:00 PM,075XX S HERMITAGE AVE,143A,WEAPONS VIOLATION,UNLAWFUL POSS OF HANDGUN,RESIDENCE,N,N,611,17.0,15,1165993.0,1854553.0,41.756472278,-87.667235634,"(41.756472278, -87.667235634)",6.0
209141,JA409594,08/28/2017 01:00:00 PM,002XX E HURON ST,1150,DECEPTIVE PRACTICE,CREDIT CARD FRAUD,MEDICAL/DENTAL OFFICE,N,N,1834,42.0,11,1177877.0,1905128.0,41.894993403,-87.622148996,"(41.894993403, -87.622148996)",18.0
105864,JA369946,07/30/2017 03:10:00 PM,071XX S ASHLAND AVE,0320,ROBBERY,STRONGARM - NO WEAPON,GAS STATION,N,N,734,17.0,03,1166911.0,1857552.0,41.764682386,-87.663785792,"(41.764682386, -87.663785792)",7.0
158823,JA124642,01/17/2017 03:00:00 PM,003XX E 136TH PL,0560,ASSAULT,SIMPLE,RESIDENCE,N,Y,533,9.0,08A,1180723.0,1814793.0,41.647039842,-87.614469613,"(41.647039842, -87.614469613)",5.0
197392,JA171535,03/01/2017 04:40:00 PM,002XX N WABASH AVE,1505,PROSTITUTION,CALL OPERATION,HOTEL/MOTEL,Y,N,111,42.0,16,1176777.0,1901808.0,41.885908101,-87.626289429,"(41.885908101, -87.626289429)",1.0
176089,JA161936,02/13/2017 12:00:00 PM,016XX W TOUHY AVE,1156,DECEPTIVE PRACTICE,ATTEMPT - FINANCIAL IDENTITY THEFT,RESIDENCE,N,N,2423,49.0,11,1164202.0,1947913.0,42.012697523,-87.671159228,"(42.012697523, -87.671159228)",24.0
230785,JA413487,08/29/2017 01:30:00 PM,0000X E GRAND AVE,0890,THEFT,FROM BUILDING,SMALL RETAIL STORE,N,N,1834,42.0,06,1176796.0,1903917.0,41.891694878,-87.626155832,"(41.891694878, -87.626155832)",18.0
10729,JA447382,09/24/2017 04:00:00 PM,005XX E OAKWOOD BLVD,1310,CRIMINAL DAMAGE,TO PROPERTY,RESIDENCE PORCH/HALLWAY,N,N,214,4.0,14,1180747.0,1878800.0,41.822682077,-87.612420302,"(41.822682077, -87.612420302)",2.0
82074,JA264480,05/12/2017 04:30:00 PM,002XX E 103RD ST,0810,THEFT,OVER $500,RESTAURANT,Y,N,511,9.0,06,1179484.0,1836722.0,41.707244549,-87.618336828,"(41.707244549, -87.618336828)",5.0
56958,JA259085,04/02/2017 04:00:00 PM,016XX W NORTH AVE,1150,DECEPTIVE PRACTICE,CREDIT CARD FRAUD,SMALL RETAIL STORE,N,N,1433,1.0,11,,,,,,
18070,JA199068,03/24/2017 05:15:00 PM,003XX S MICHIGAN AVE,0810,THEFT,OVER $500,OTHER,N,N,114,2.0,06,1177339.0,1898916.0,41.877959571,-87.624313409,"(41.877959571, -87.624313409)",1.0
4014,HZ567289,12/23/2016 10:00:00 AM,030XX N SOUTHPORT AVE,0890,THEFT,FROM BUILDING,APARTMENT,N,Y,1933,32.0,06,1166433.0,1920472.0,41.937350883,-87.663739514,"(41.937350883, -87.663739514)",19.0
72991,JA275198,05/22/2017 10:10:00 PM,001XX W 103RD ST,1330,CRIMINAL TRESPASS,TO LAND,SIDEWALK,Y,N,511,9.0,26,1176968.0,1836653.0,41.707112161,-87.627552452,"(41.707112161, -87.627552452)",5.0
242289,JA428032,09/10/2017 05:00:00 PM,023XX N CLARK ST,0610,BURGLARY,FORCIBLE ENTRY,RESTAURANT,N,N,1812,43.0,05,1173016.0,1915768.0,41.924299276,-87.639685959,"(41.924299276, -87.639685959)",18.0
36631,JA443629,09/23/2017 02:49:00 PM,098XX S INGLESIDE AVE,2851,PUBLIC PEACE VIOLATION,ARSON THREAT,RESIDENCE,N,N,511,8.0,26,1184291.0,1839922.0,41.715914865,-87.600634027,"(41.715914865, -87.600634027)",5.0
163817,JA111163,01/10/2017 03:03:00 PM,049XX N MILWAUKEE AVE,0850,THEFT,ATTEMPT THEFT,CTA BUS,N,N,1623,45.0,06,1139431.0,1932207.0,41.97008868,-87.762690091,"(41.97008868, -87.762690091)",16.0
165656,JA405989,08/25/2017 02:44:00 PM,0000X E GRAND AVE,1150,DECEPTIVE PRACTICE,CREDIT CARD FRAUD,DEPARTMENT STORE,Y,N,1834,42.0,11,1176796.0,1903917.0,41.891694878,-87.626155832,"(41.891694878, -87.626155832)",18.0
26641,JA208377,04/01/2017 09:18:00 AM,022XX S CHRISTIANA AVE,2826,OTHER OFFENSE,HARASSMENT BY ELECTRONIC MEANS,APARTMENT,N,N,1024,22.0,26,1154377.0,1888957.0,41.851120563,-87.708890349,"(41.851120563, -87.708890349)",10.0
254079,JA485995,10/25/2017 05:00:00 PM,053XX N SHERIDAN RD,0890,THEFT,FROM BUILDING,OTHER,N,N,2023,48.0,06,1168675.0,1935712.0,41.97912164,-87.655056515,"(41.97912164, -87.655056515)",20.0
216386,JA171506,02/26/2017 01:30:00 PM,0000X E OAK ST,0860,THEFT,RETAIL THEFT,DEPARTMENT STORE,N,N,1833,42.0,06,1176321.0,1907214.0,41.900752739,-87.627800699,"(41.900752739, -87.627800699)",18.0
118015,JA295119,06/06/2017 03:15:00 PM,056XX N LINCOLN AVE,0560,ASSAULT,SIMPLE,LIBRARY,N,N,2011,40.0,08A,1157462.0,1937330.0,41.983797744,-87.696248798,"(41.983797744, -87.696248798)",20.0
181408,JA159506,02/19/2017 11:00:00 AM,051XX W LAKE ST,0460,BATTERY,SIMPLE,PARKING LOT/GARAGE(NON.RESID.),Y,N,1532,28.0,08B,1142031.0,1901985.0,41.887108517,-87.753880657,"(41.887108517, -87.753880657)",15.0
141564,JA110483,01/10/2017 07:00:00 AM,012XX W WASHBURNE AVE,0486,BATTERY,DOMESTIC BATTERY SIMPLE,APARTMENT,N,Y,1233,2.0,08B,1168323.0,1894532.0,41.866129145,-87.657544481,"(41.866129145, -87.657544481)",12.0
65726,JA246292,04/28/2017 03:30:00 PM,052XX S TALMAN AVE,051A,ASSAULT,AGGRAVATED: HANDGUN,"SCHOOL, PUBLIC, GROUNDS",Y,N,923,14.0,04A,1159593.0,1869837.0,41.798547328,-87.690271662,"(41.798547328, -87.690271662)",9.0
124019,JA393779,08/16/2017 05:10:00 AM,089XX S DAUPHIN AVE,0610,BURGLARY,FORCIBLE ENTRY,APARTMENT,N,N,633,8.0,05,1183790.0,1845723.0,41.731845173,-87.602288494,"(41.731845173, -87.602288494)",6.0
115294,JA381722,08/07/2017 06:00:00 PM,044XX W MAYPOLE AVE,0620,BURGLARY,UNLAWFUL ENTRY,APARTMENT,N,N,1113,28.0,05,1146847.0,1901089.0,41.88455919,-87.736217646,"(41.88455919, -87.736217646)",11.0
131373,JA403749,08/23/2017 05:05:00 PM,035XX S NORMAL AVE,0820,THEFT,$500 AND UNDER,PARKING LOT/GARAGE(NON.RESID.),N,N,915,11.0,06,1173536.0,1881550.0,41.830391308,-87.638792727,"(41.830391308, -87.638792727)",9.0
163707,JA140808,02/03/2017 07:30:00 PM,038XX S DR MARTIN LUTHER KING JR DR,0860,THEFT,RETAIL THEFT,GROCERY FOOD STORE,Y,N,212,4.0,06,1179489.0,1879516.0,41.824675709,-87.617013434,"(41.824675709, -87.617013434)",2.0
178274,JA408658,08/27/2017 08:30:00 PM,072XX S TROY ST,0560,ASSAULT,SIMPLE,SIDEWALK,N,N,831,18.0,08A,1156623.0,1856486.0,41.761970684,-87.701523084,"(41.761970684, -87.701523084)",8.0
82989,JA340418,07/09/2017 01:18:00 AM,084XX S SAGINAW AVE,1310,CRIMINAL DAMAGE,TO PROPERTY,STREET,Y,Y,423,7.0,14,1195297.0,1849562.0,41.742103784,-87.560008094,"(41.742103784, -87.560008094)",4.0
124123,JA393530,08/16/2017 12:00:00 PM,049XX W MAYPOLE AVE,1154,DECEPTIVE PRACTICE,FINANCIAL IDENTITY THEFT $300 AND UNDER,APARTMENT,N,N,1532,28.0,11,1143209.0,1901004.0,41.884394626,-87.74957916,"(41.884394626, -87.74957916)",15.0
187563,HZ513653,11/13/2016 11:00:00 AM,012XX N LAMON AVE,3731,INTERFERENCE WITH PUBLIC OFFICER,OBSTRUCTING IDENTIFICATION,SIDEWALK,Y,N,2533,37.0,24,1143470.0,1907969.0,41.903502517,-87.748446372,"(41.903502517, -87.748446372)",25.0
105983,JA294027,06/05/2017 06:00:00 PM,008XX N KEDVALE AVE,0560,ASSAULT,SIMPLE,SIDEWALK,N,N,1111,37.0,08A,1148563.0,1905354.0,41.896229874,-87.729806043,"(41.896229874, -87.729806043)",11.0
102946,JA372663,07/22/2017 03:00:00 PM,044XX W PARKER AVE,2820,OTHER OFFENSE,TELEPHONE THREAT,RESIDENCE,N,N,2524,31.0,26,1146374.0,1917879.0,41.930641715,-87.737526328,"(41.930641715, -87.737526328)",25.0
45714,JA333885,07/03/2017 10:00:00 PM,027XX N LARAMIE AVE,0810,THEFT,OVER $500,RESIDENTIAL YARD (FRONT/BACK),N,N,2521,31.0,06,1141238.0,1917901.0,41.930798472,-87.756399686,"(41.930798472, -87.756399686)",25.0
205615,JA177712,03/06/2017 11:00:00 PM,076XX S COLES AVE,041A,BATTERY,AGGRAVATED: HANDGUN,STREET,N,N,421,7.0,04B,1196188.0,1855314.0,41.757865688,-87.556553285,"(41.757865688, -87.556553285)",4.0
171836,HZ498644,11/01/2016 06:15:00 PM,010XX N RIDGEWAY AVE,2024,NARCOTICS,POSS: HEROIN(WHITE),RESIDENTIAL YARD (FRONT/BACK),Y,N,1112,27.0,18,1151192.0,1906664.0,41.899773491,-87.720115776,"(41.899773491, -87.720115776)",11.0
225732,JA309978,06/16/2017 12:30:00 PM,076XX S COLFAX AVE,0560,ASSAULT,SIMPLE,RESIDENTIAL YARD (FRONT/BACK),N,N,421,7.0,08A,1194850.0,1854806.0,41.756504746,-87.561473501,"(41.756504746, -87.561473501)",4.0
136672,JA127787,01/23/2017 10:00:00 PM,025XX W THORNDALE AVE,0810,THEFT,OVER $500,STREET,N,N,2011,40.0,06,1158471.0,1939093.0,41.988614837,-87.69248934,"(41.988614837, -87.69248934)",20.0
49377,JA239695,04/26/2017 10:10:00 AM,035XX N KIMBALL AVE,0860,THEFT,RETAIL THEFT,OTHER,Y,N,1732,35.0,06,1153099.0,1923246.0,41.945238279,-87.712670479,"(41.945238279, -87.712670479)",17.0
150810,JA100289,01/01/2017 06:00:00 AM,040XX W LEXINGTON ST,2850,PUBLIC PEACE VIOLATION,BOMB THREAT,RESIDENCE,N,N,1132,24.0,26,1149624.0,1896473.0,41.871838891,-87.726139954,"(41.871838891, -87.726139954)",11.0
205362,HZ530811,11/27/2016 12:45:00 PM,053XX W POTOMAC AVE,0486,BATTERY,DOMESTIC BATTERY SIMPLE,APARTMENT,N,Y,2532,37.0,08B,1140262.0,1908132.0,41.904009224,-87.760226229,"(41.904009224, -87.760226229)",25.0
134508,JA462190,10/07/2017 02:32:00 PM,096XX S EXCHANGE AVE,0930,MOTOR VEHICLE THEFT,THEFT/RECOVERY: AUTOMOBILE,STREET,Y,N,431,10.0,07,1197437.0,1841696.0,41.720465798,-87.552428816,"(41.720465798, -87.552428816)",4.0
47333,JA336582,06/21/2017 11:00:00 AM,015XX E MARQUETTE RD,0820,THEFT,$500 AND UNDER,RESIDENCE PORCH/HALLWAY,N,N,321,5.0,06,1187541.0,1861540.0,41.775160261,-87.588045306,"(41.775160261, -87.588045306)",3.0
116381,JA384423,08/09/2017 10:50:00 AM,068XX S CONSTANCE AVE,1310,CRIMINAL DAMAGE,TO PROPERTY,STREET,N,N,332,5.0,14,1189716.0,1860091.0,41.771132089,-87.580118689,"(41.771132089, -87.580118689)",3.0
171890,JA408990,08/27/2017 02:00:00 AM,055XX W OHIO ST,0486,BATTERY,DOMESTIC BATTERY SIMPLE,APARTMENT,N,Y,1524,37.0,08B,1139244.0,1903423.0,41.891105757,-87.764080424,"(41.891105757, -87.764080424)",15.0
107450,JA374654,07/31/2017 09:00:00 AM,006XX E 133RD ST,2825,OTHER OFFENSE,HARASSMENT BY TELEPHONE,RESIDENCE,N,N,533,9.0,26,1182797.0,1817414.0,41.654184565,-87.606800945,"(41.654184565, -87.606800945)",5.0
201163,JA176155,03/03/2017 07:50:00 AM,081XX S SOUTH CHICAGO AVE,0910,MOTOR VEHICLE THEFT,AUTOMOBILE,STREET,N,N,414,8.0,07,1189799.0,1851499.0,41.747552908,-87.580090219,"(41.747552908, -87.580090219)",4.0
256687,JA496356,09/25/2017 04:00:00 PM,014XX W BARRY AVE,1130,DECEPTIVE PRACTICE,FRAUD OR CONFIDENCE GAME,STREET,N,N,1933,32.0,11,,,,,,
86416,JA346114,07/13/2017 10:00:00 AM,001XX N MAYFIELD AVE,0486,BATTERY,DOMESTIC BATTERY SIMPLE,APARTMENT,Y,N,1512,29.0,08B,1137136.0,1900523.0,41.883185894,-87.771891885,"(41.883185894, -87.771891885)",15.0
128391,JA459983,10/05/2017 09:25:00 PM,013XX W JARVIS AVE,0486,BATTERY,DOMESTIC BATTERY SIMPLE,APARTMENT,Y,Y,2423,49.0,08B,1165703.0,1949162.0,42.016092804,-87.66560047,"(42.016092804, -87.66560047)",24.0
58871,JA253203,05/06/2017 03:00:00 PM,077XX S SANGAMON ST,0470,PUBLIC PEACE VIOLATION,RECKLESS CONDUCT,STREET,Y,N,621,17.0,24,1171315.0,1853577.0,41.753679278,-87.647760053,"(41.753679278, -87.647760053)",6.0
135059,JA462119,10/07/2017 07:00:00 AM,029XX W WARREN BLVD,0810,THEFT,OVER $500,RESIDENTIAL YARD (FRONT/BACK),N,N,1222,2.0,06,1156857.0,1900214.0,41.881961095,-87.699483103,"(41.881961095, -87.699483103)",12.0
38467,JA224797,04/14/2017 02:00:00 PM,016XX W FARGO AVE,0820,THEFT,$500 AND UNDER,STREET,N,N,2422,49.0,06,1164177.0,1949491.0,42.017028113,-87.671206302,"(42.017028113, -87.671206302)",24.0
90272,JA352189,07/17/2017 07:00:00 PM,069XX S TALMAN AVE,051A,ASSAULT,AGGRAVATED: HANDGUN,STREET,N,N,831,18.0,04A,1159903.0,1858628.0,41.76778191,-87.689442638,"(41.76778191, -87.689442638)",8.0
94179,JA356167,07/09/2017 12:00:00 AM,008XX W BARRY AVE,0820,THEFT,$500 AND UNDER,STREET,N,N,1933,44.0,06,1170006.0,1920791.0,41.938148902,-87.650598895,"(41.938148902, -87.650598895)",19.0
112296,JA216508,04/07/2017 07:18:00 PM,039XX W JACKSON BLVD,2017,NARCOTICS,MANU/DELIVER:CRACK,ALLEY,Y,N,1122,28.0,18,,,,,,
257186,JA257965,04/18/2017 03:00:00 PM,002XX S CANAL ST,2091,NARCOTICS,FORFEIT PROPERTY,OTHER RAILROAD PROP / TRAIN DEPOT,Y,N,121,2.0,18,,,,,,
2869,HZ543034,12/07/2016 08:37:00 AM,001XX W GARFIELD BLVD,1563,SEX OFFENSE,CRIMINAL SEXUAL ABUSE,CURRENCY EXCHANGE,Y,N,225,3.0,17,1176228.0,1868523.0,41.794583892,-87.629307346,"(41.794583892, -87.629307346)",2.0
77505,JA449451,09/27/2017 07:50:00 PM,078XX S DOBSON AVE,0486,BATTERY,DOMESTIC BATTERY SIMPLE,STREET,N,Y,624,8.0,08B,1184577.0,1853336.0,41.752717674,-87.599167491,"(41.752717674, -87.599167491)",6.0
119121,JA387228,08/11/2017 01:00:00 AM,055XX S WENTWORTH AVE,031A,ROBBERY,ARMED: HANDGUN,RESTAURANT,N,N,225,3.0,03,1175904.0,1868322.0,41.794039603,-87.630501466,"(41.794039603, -87.630501466)",2.0
178047,HZ506793,11/05/2016 03:00:00 AM,0000X E CHICAGO AVE,0870,THEFT,POCKET-PICKING,BAR OR TAVERN,N,N,1833,42.0,06,1176718.0,1905741.0,41.896701788,-87.626387093,"(41.896701788, -87.626387093)",18.0
243548,JA313709,06/19/2017 01:50:00 PM,042XX W MADISON ST,0560,ASSAULT,SIMPLE,CONVENIENCE STORE,N,N,1115,28.0,08A,1148070.0,1899674.0,41.88065283,-87.731763004,"(41.88065283, -87.731763004)",11.0
133272,JA405223,08/25/2017 05:00:00 AM,034XX W MONTROSE AVE,0312,ROBBERY,ARMED:KNIFE/CUTTING INSTRUMENT,STREET,N,N,1723,33.0,03,1152834.0,1929034.0,41.961126217,-87.713490653,"(41.961126217, -87.713490653)",17.0
213090,JA181639,03/10/2017 01:45:00 AM,005XX W CHESTNUT ST,0460,BATTERY,SIMPLE,APARTMENT,N,N,1823,27.0,08B,1172472.0,1906125.0,41.897850453,-87.641970426,"(41.897850453, -87.641970426)",18.0
133629,JA461317,10/06/2017 07:30:00 PM,085XX S BISHOP ST,0910,MOTOR VEHICLE THEFT,AUTOMOBILE,STREET,N,N,614,21.0,07,1168153.0,1848214.0,41.739031015,-87.659501573,"(41.739031015, -87.659501573)",6.0
179426,HZ509252,11/07/2016 01:45:00 PM,063XX S ARTESIAN AVE,0486,BATTERY,DOMESTIC BATTERY SIMPLE,RESIDENCE,N,N,825,15.0,08B,1161129.0,1862546.0,41.778508181,-87.68484048,"(41.778508181, -87.68484048)",8.0
184423,HZ510373,11/10/2016 04:30:00 PM,005XX E 92ND ST,0560,ASSAULT,SIMPLE,RESIDENCE,N,Y,633,6.0,08A,1181517.0,1844095.0,41.727430422,-87.610665402,"(41.727430422, -87.610665402)",6.0
32711,JA216917,04/08/2017 04:40:00 AM,047XX S LOOMIS BLVD,041B,BATTERY,AGGRAVATED: OTHER FIREARM,SIDEWALK,N,N,933,20.0,04B,1167796.0,1873348.0,41.808009573,-87.660088676,"(41.808009573, -87.660088676)",9.0
143946,JA136752,01/21/2017 09:00:00 AM,032XX W EVERGREEN AVE,0820,THEFT,$500 AND UNDER,VEHICLE NON-COMMERCIAL,N,N,1422,26.0,06,1154526.0,1908797.0,41.905560591,-87.707812774,"(41.905560591, -87.707812774)",14.0
6295,HZ568540,12/29/2016 04:10:00 AM,059XX W RACE AVE,1310,CRIMINAL DAMAGE,TO PROPERTY,APARTMENT,N,N,1512,29.0,14,1136625.0,1903014.0,41.890030684,-87.773708684,"(41.890030684, -87.773708684)",15.0
4499,JA317531,06/22/2017 07:43:00 AM,071XX S CAMPBELL AVE,4387,OTHER OFFENSE,VIOLATE ORDER OF PROTECTION,RESIDENCE PORCH/HALLWAY,Y,Y,832,18.0,26,1160944.0,1857216.0,41.763885728,-87.685665853,"(41.763885728, -87.685665853)",8.0
66690,JA337113,07/06/2017 04:06:00 PM,001XX N CENTRAL AVE,0460,BATTERY,SIMPLE,APARTMENT,N,N,1512,29.0,08B,1139023.0,1900544.0,41.883209435,-87.764962093,"(41.883209435, -87.764962093)",15.0
15151,JA322195,06/25/2017 04:00:00 PM,074XX N CAMPBELL AVE,0820,THEFT,$500 AND UNDER,SIDEWALK,N,N,2411,50.0,06,1158375.0,1949185.0,42.016309612,-87.69256464,"(42.016309612, -87.69256464)",24.0
173714,HZ498945,11/02/2016 01:20:00 AM,045XX N BERNARD ST,0340,ROBBERY,ATTEMPT: STRONGARM-NO WEAPON,SIDEWALK,N,N,1723,33.0,03,1152572.0,1929858.0,41.963392524,-87.714432028,"(41.963392524, -87.714432028)",17.0
174088,HZ500740,11/03/2016 01:00:00 AM,058XX S SACRAMENTO AVE,0497,BATTERY,AGGRAVATED DOMESTIC BATTERY: OTHER DANG WEAPON,STREET,N,Y,824,14.0,04B,1157377.0,1865837.0,41.787615978,-87.698506568,"(41.787615978, -87.698506568)",8.0
192506,JA167538,02/26/2017 05:30:00 AM,052XX S LAWNDALE AVE,0910,MOTOR VEHICLE THEFT,AUTOMOBILE,RESIDENCE-GARAGE,N,N,822,23.0,07,1152596.0,1869603.0,41.798045973,-87.715937507,"(41.798045973, -87.715937507)",8.0
117796,JA460844,03/01/2017 12:01:00 AM,013XX N CLEVELAND AVE,1195,DECEPTIVE PRACTICE,FINAN EXPLOIT-ELDERLY/DISABLED,APARTMENT,N,Y,1821,27.0,11,,,,,,
162688,JA126187,01/23/2017 12:55:00 AM,003XX E 131ST PL,0486,BATTERY,DOMESTIC BATTERY SIMPLE,APARTMENT,Y,Y,533,9.0,08B,1180564.0,1818326.0,41.656738592,-87.61494361,"(41.656738592, -87.61494361)",5.0
133121,JA405560,08/25/2017 11:50:00 AM,054XX S WENTWORTH AVE,0560,ASSAULT,SIMPLE,PARKING LOT/GARAGE(NON.RESID.),N,N,225,3.0,08A,1175887.0,1869033.0,41.795991039,-87.630542489,"(41.795991039, -87.630542489)",2.0
147443,JA132611,01/27/2017 10:23:00 PM,068XX W RAVEN ST,2024,NARCOTICS,POSS: HEROIN(WHITE),PARKING LOT/GARAGE(NON.RESID.),Y,N,1611,41.0,18,1129757.0,1940456.0,41.992896043,-87.798072954,"(41.992896043, -87.798072954)",16.0
107512,JA371479,07/31/2017 03:10:00 PM,006XX S STATE ST,0340,ROBBERY,ATTEMPT: STRONGARM-NO WEAPON,CTA PLATFORM,N,N,123,2.0,03,1176452.0,1897617.0,41.8744151,-87.627609439,"(41.8744151, -87.627609439)",1.0
120975,JA457712,10/04/2017 08:55:00 AM,011XX W WILSON AVE,0486,BATTERY,DOMESTIC BATTERY SIMPLE,SIDEWALK,Y,Y,1913,46.0,08B,1167615.0,1930696.0,41.965380546,-87.659099891,"(41.965380546, -87.659099891)",19.0
147718,JA139174,01/19/2017 08:30:00 PM,006XX W HARRISON ST,0870,THEFT,POCKET-PICKING,RESIDENCE,N,N,124,2.0,06,1172257.0,1897564.0,41.874363279,-87.643013039,"(41.874363279, -87.643013039)",1.0
30306,JA291224,06/03/2017 05:15:00 PM,019XX W CHICAGO AVE,0460,BATTERY,SIMPLE,SIDEWALK,N,N,1221,1.0,08B,1163166.0,1905351.0,41.895927235,-87.676172074,"(41.895927235, -87.676172074)",12.0
85981,JA345638,07/12/2017 09:45:00 PM,040XX S PRAIRIE AVE,0486,BATTERY,DOMESTIC BATTERY SIMPLE,STREET,N,Y,213,3.0,08B,1178703.0,1878379.0,41.821573637,-87.619931639,"(41.821573637, -87.619931639)",2.0
47254,JA241090,04/06/2017 12:00:00 AM,113XX S ELIZABETH ST,0820,THEFT,$500 AND UNDER,RESIDENCE,N,N,2234,34.0,06,1170029.0,1829378.0,41.687301655,-87.653173408,"(41.687301655, -87.653173408)",22.0
8155,JA188274,03/15/2017 05:45:00 PM,105XX S YATES AVE,3731,INTERFERENCE WITH PUBLIC OFFICER,OBSTRUCTING IDENTIFICATION,STREET,Y,N,434,10.0,24,1194210.0,1835517.0,41.703589728,-87.564450387,"(41.703589728, -87.564450387)",4.0
132874,JA406451,08/25/2017 11:40:00 PM,075XX N WESTERN AVE,1330,CRIMINAL TRESPASS,TO LAND,DRUG STORE,Y,N,2411,50.0,26,1159016.0,1949895.0,42.018244679,-87.690186314,"(42.018244679, -87.690186314)",24.0
219686,JA304469,06/12/2017 11:41:00 PM,010XX N PARKSIDE AVE,1812,NARCOTICS,POSS: CANNABIS MORE THAN 30GMS,STREET,Y,N,1511,29.0,18,1138496.0,1906325.0,41.89908279,-87.766757126,"(41.89908279, -87.766757126)",15.0
71295,JA272879,05/20/2017 08:00:00 PM,011XX W MADISON ST,0910,MOTOR VEHICLE THEFT,AUTOMOBILE,OTHER,N,N,1232,2.0,07,1168892.0,1900193.0,41.88165105,-87.65529148,"(41.88165105, -87.65529148)",12.0
84896,JA344177,07/11/2017 08:10:00 PM,002XX N HOMAN AVE,0460,BATTERY,SIMPLE,APARTMENT,N,N,1123,28.0,08B,1153670.0,1901565.0,41.885732373,-87.711149817,"(41.885732373, -87.711149817)",11.0
214835,HZ539543,12/04/2016 07:00:00 AM,097XX S INGLESIDE AVE,1320,CRIMINAL DAMAGE,TO VEHICLE,STREET,N,N,511,8.0,14,1184268.0,1840594.0,41.71775945,-87.60069732,"(41.71775945, -87.60069732)",5.0
133983,JA461622,10/07/2017 01:00:00 AM,075XX S RACINE AVE,4387,OTHER OFFENSE,VIOLATE ORDER OF PROTECTION,STREET,N,Y,612,17.0,26,1169626.0,1854847.0,41.757201092,-87.653912882,"(41.757201092, -87.653912882)",6.0
142483,JA468997,10/12/2017 05:15:00 PM,003XX S STATE ST,0820,THEFT,$500 AND UNDER,CTA TRAIN,N,N,113,2.0,06,1176426.0,1898874.0,41.877864969,-87.627666954,"(41.877864969, -87.627666954)",1.0
237714,HZ560956,12/07/2016 07:00:00 AM,006XX N KINGSBURY ST,4387,OTHER OFFENSE,VIOLATE ORDER OF PROTECTION,RESIDENCE,N,Y,1831,42.0,26,1172883.0,1904116.0,41.892328543,-87.640520462,"(41.892328543, -87.640520462)",18.0
226814,JA310398,06/16/2017 10:00:00 PM,121XX S PARNELL AVE,1751,OFFENSE INVOLVING CHILDREN,CRIM SEX ABUSE BY FAM MEMBER,RESIDENCE,N,Y,523,34.0,20,1174830.0,1824346.0,41.67338769,-87.635746742,"(41.67338769, -87.635746742)",5.0
34754,JA220687,04/10/2017 09:30:00 PM,001XX W DELAWARE PL,1305,CRIMINAL DAMAGE,CRIMINAL DEFACEMENT,RESIDENCE,N,N,1832,42.0,14,1175121.0,1906657.0,41.899251299,-87.632225048,"(41.899251299, -87.632225048)",18.0
112547,JA382650,08/05/2017 10:00:00 PM,003XX E RANDOLPH ST,0870,THEFT,POCKET-PICKING,OTHER,N,N,114,42.0,06,1178694.0,1901250.0,41.884333364,-87.619266937,"(41.884333364, -87.619266937)",1.0
133883,JA135899,01/30/2017 07:27:00 PM,058XX N GLENWOOD AVE,0460,BATTERY,SIMPLE,RESIDENCE,N,N,2013,48.0,08B,1165931.0,1938685.0,41.987338819,-87.665062403,"(41.987338819, -87.665062403)",20.0
15708,HZ555347,12/17/2016 09:45:00 AM,020XX N ORLEANS ST,0610,BURGLARY,FORCIBLE ENTRY,RESIDENCE,Y,N,1814,43.0,05,1173566.0,1913875.0,41.919092576,-87.637721472,"(41.919092576, -87.637721472)",18.0
51663,JA242962,04/28/2017 04:05:00 PM,004XX W 80TH ST,0560,ASSAULT,SIMPLE,SIDEWALK,N,N,621,21.0,08A,1174759.0,1851879.0,41.748943754,-87.635189547,"(41.748943754, -87.635189547)",6.0
86202,JA451148,09/28/2017 09:00:00 PM,058XX S SPRINGFIELD AVE,1320,CRIMINAL DAMAGE,TO VEHICLE,STREET,N,N,822,13.0,14,1151365.0,1865776.0,41.787568282,-87.720551889,"(41.787568282, -87.720551889)",8.0
22671,JA444069,09/23/2017 09:50:00 PM,026XX W PETERSON AVE,4230,KIDNAPPING,UNLAWFUL RESTRAINT,VEHICLE NON-COMMERCIAL,N,N,2011,40.0,26,1157828.0,1939764.0,41.990469268,-87.69483597,"(41.990469268, -87.69483597)",24.0
110078,JA460453,09/30/2017 01:00:00 PM,048XX W NORTH AVE,1154,DECEPTIVE PRACTICE,FINANCIAL IDENTITY THEFT $300 AND UNDER,SMALL RETAIL STORE,N,N,2533,37.0,11,1143738.0,1910196.0,41.909608631,-87.747406059,"(41.909608631, -87.747406059)",25.0
34698,JA218999,03/24/2017 05:00:00 PM,061XX S EVANS AVE,0560,ASSAULT,SIMPLE,APARTMENT,N,N,313,20.0,08A,1182279.0,1864420.0,41.783186768,-87.60724574,"(41.783186768, -87.60724574)",3.0
89045,JA349636,07/15/2017 08:46:00 PM,079XX S ESSEX AVE,1812,NARCOTICS,POSS: CANNABIS MORE THAN 30GMS,RESIDENTIAL YARD (FRONT/BACK),Y,N,422,7.0,18,1194232.0,1852890.0,41.751262285,-87.563801111,"(41.751262285, -87.563801111)",4.0
106081,JA450262,09/28/2017 02:30:00 PM,032XX W DIVERSEY AVE,4387,OTHER OFFENSE,VIOLATE ORDER OF PROTECTION,RESIDENCE,Y,Y,1412,35.0,26,1154376.0,1918441.0,41.932027533,-87.708105504,"(41.932027533, -87.708105504)",14.0
168229,JA149659,02/09/2017 07:00:00 PM,022XX W MELROSE ST,1320,CRIMINAL DAMAGE,TO VEHICLE,STREET,N,N,1921,32.0,14,1160790.0,1921543.0,41.940408846,-87.684448648,"(41.940408846, -87.684448648)",19.0
109751,JA458353,10/02/2017 08:00:00 AM,028XX W HENDERSON ST,1150,DECEPTIVE PRACTICE,CREDIT CARD FRAUD,OTHER,N,N,1733,33.0,11,1156797.0,1922047.0,41.941873859,-87.699110606,"(41.941873859, -87.699110606)",17.0
98506,JA363225,07/22/2017 11:00:00 AM,049XX W SCHOOL ST,0620,BURGLARY,UNLAWFUL ENTRY,RESIDENCE-GARAGE,N,N,1634,30.0,05,1142885.0,1921488.0,41.940610976,-87.750257582,"(41.940610976, -87.750257582)",16.0
183734,HZ515386,11/10/2016 05:00:00 PM,052XX S WELLS ST,0910,MOTOR VEHICLE THEFT,AUTOMOBILE,DRIVEWAY - RESIDENTIAL,N,N,935,3.0,07,1175492.0,1870182.0,41.799152862,-87.63195659,"(41.799152862, -87.63195659)",9.0
70467,JA270462,05/19/2017 09:30:00 AM,049XX N MILWAUKEE AVE,0320,ROBBERY,STRONGARM - NO WEAPON,CTA PLATFORM,N,N,1623,45.0,03,1139431.0,1932207.0,41.97008868,-87.762690091,"(41.97008868, -87.762690091)",16.0
194806,JA301538,06/10/2017 11:51:00 PM,055XX W GRAND AVE,143A,WEAPONS VIOLATION,UNLAWFUL POSS OF HANDGUN,STREET,Y,N,2515,29.0,15,1139098.0,1913404.0,41.91849746,-87.764373497,"(41.91849746, -87.764373497)",25.0
157381,JA127531,01/23/2017 11:00:00 AM,012XX N HALSTED ST,0320,ROBBERY,STRONGARM - NO WEAPON,CTA BUS STOP,N,N,1822,32.0,03,1170783.0,1908342.0,41.903971214,-87.648108864,"(41.903971214, -87.648108864)",18.0
235167,JA419006,09/03/2017 12:01:00 AM,034XX N HALSTED ST,0486,BATTERY,DOMESTIC BATTERY SIMPLE,SIDEWALK,N,Y,1924,44.0,08B,1170321.0,1922869.0,41.943844128,-87.649380278,"(41.943844128, -87.649380278)",19.0
125657,JA395804,08/18/2017 02:15:00 AM,046XX S KEDZIE AVE,1310,CRIMINAL DAMAGE,TO PROPERTY,RESTAURANT,N,N,922,14.0,14,1155816.0,1873693.0,41.809205421,-87.70401927,"(41.809205421, -87.70401927)",8.0
218164,JA186169,03/13/2017 10:15:00 PM,031XX W PERSHING RD,0486,BATTERY,DOMESTIC BATTERY SIMPLE,APARTMENT,Y,N,911,12.0,08B,1156116.0,1878584.0,41.822620928,-87.70278728,"(41.822620928, -87.70278728)",9.0
177789,HZ504987,11/05/2016 01:00:00 PM,054XX W IOWA ST,0460,BATTERY,SIMPLE,RESIDENTIAL YARD (FRONT/BACK),N,N,1524,37.0,08B,1139772.0,1905466.0,41.896702371,-87.762091356,"(41.896702371, -87.762091356)",15.0
257426,JA490042,10/28/2017 07:00:00 PM,007XX E 50TH PL,1320,CRIMINAL DAMAGE,TO VEHICLE,STREET,N,N,223,4.0,14,1181897.0,1871687.0,41.803136895,-87.6084216,"(41.803136895, -87.6084216)",2.0
112859,JA381233,08/05/2017 04:00:00 PM,037XX N LAVERGNE AVE,1150,DECEPTIVE PRACTICE,CREDIT CARD FRAUD,BANK,N,N,1634,45.0,11,1142358.0,1924618.0,41.949209808,-87.752116511,"(41.949209808, -87.752116511)",16.0
225281,HZ551204,12/13/2016 04:00:00 PM,057XX S CARPENTER ST,0560,ASSAULT,SIMPLE,STREET,Y,N,712,16.0,08A,1170296.0,1866660.0,41.78960286,-87.65111401,"(41.78960286, -87.65111401)",7.0
246458,JA431566,09/13/2017 10:00:00 AM,032XX S MORGAN ST,0890,THEFT,FROM BUILDING,RESIDENCE,N,N,913,11.0,06,1170173.0,1883380.0,41.835486947,-87.651078289,"(41.835486947, -87.651078289)",9.0
93264,JA351663,07/17/2017 02:00:00 PM,009XX N MICHIGAN AVE,0860,THEFT,RETAIL THEFT,DEPARTMENT STORE,N,N,1833,42.0,06,1177308.0,1907045.0,41.900266664,-87.62418056,"(41.900266664, -87.62418056)",18.0
256951,JA317439,06/21/2017 11:35:00 AM,043XX N ELSTON AVE,0460,BATTERY,SIMPLE,STREET,N,N,1722,39.0,08B,1148659.0,1928718.0,41.960340936,-87.72884848,"(41.960340936, -87.72884848)",17.0
216688,HZ542151,12/06/2016 12:29:00 PM,085XX S INGLESIDE AVE,2093,NARCOTICS,FOUND SUSPECT NARCOTICS,"SCHOOL, PUBLIC, BUILDING",Y,N,632,8.0,18,1184042.0,1848646.0,41.739860331,-87.601274245,"(41.739860331, -87.601274245)",6.0
67172,JA131205,01/26/2017 07:30:00 PM,012XX W 108TH ST,041A,BATTERY,AGGRAVATED: HANDGUN,STREET,Y,N,2234,34.0,04B,1170010.0,1833163.0,41.69768872,-87.653133545,"(41.69768872, -87.653133545)",22.0
241025,JA438596,09/19/2017 10:27:00 PM,019XX N KEYSTONE AVE,0486,BATTERY,DOMESTIC BATTERY SIMPLE,RESIDENTIAL YARD (FRONT/BACK),Y,Y,2534,30.0,08B,1149074.0,1912544.0,41.915950073,-87.727742791,"(41.915950073, -87.727742791)",25.0
65318,JA341911,07/03/2017 04:00:00 PM,022XX S BLUE ISLAND AVE,1305,CRIMINAL DAMAGE,CRIMINAL DEFACEMENT,COMMERCIAL / BUSINESS OFFICE,N,N,1034,25.0,14,1165099.0,1888968.0,41.850930053,-87.669537924,"(41.850930053, -87.669537924)",10.0
214283,HZ540166,12/04/2016 09:15:00 PM,053XX W FULLERTON AVE,0320,ROBBERY,STRONGARM - NO WEAPON,SIDEWALK,N,N,2515,31.0,03,1140570.0,1915445.0,41.924071259,-87.758914941,"(41.924071259, -87.758914941)",25.0
193075,HZ519741,11/17/2016 08:44:00 PM,045XX W MONROE ST,1506,PROSTITUTION,SOLICIT ON PUBLIC WAY,STREET,Y,N,1113,28.0,16,1145952.0,1899275.0,41.879598403,-87.739550332,"(41.879598403, -87.739550332)",11.0
39353,JA226007,04/15/2017 03:22:00 PM,026XX N ELSTON AVE,0860,THEFT,RETAIL THEFT,DEPARTMENT STORE,Y,N,1432,1.0,06,1160867.0,1917657.0,41.929743818,-87.684273777,"(41.929743818, -87.684273777)",14.0
118451,JA381729,08/05/2017 08:00:00 PM,025XX W 47TH ST,0820,THEFT,$500 AND UNDER,APARTMENT,N,N,922,12.0,06,1160368.0,1873430.0,41.808391035,-87.68733053,"(41.808391035, -87.68733053)",9.0
68840,JA447764,09/26/2017 04:00:00 PM,044XX N LINCOLN AVE,1320,CRIMINAL DAMAGE,TO VEHICLE,PARKING LOT/GARAGE(NON.RESID.),N,N,1911,47.0,14,1160731.0,1929529.0,41.962324098,-87.684443267,"(41.962324098, -87.684443267)",19.0
61087,JA257305,05/09/2017 07:25:00 PM,049XX W HUBBARD ST,1821,NARCOTICS,MANU/DEL:CANNABIS 10GM OR LESS,STREET,Y,N,1532,28.0,18,1143440.0,1902560.0,41.888660161,-87.748691959,"(41.888660161, -87.748691959)",15.0
165838,JA408440,08/26/2017 06:00:00 PM,007XX W SCHUBERT AVE,0910,MOTOR VEHICLE THEFT,AUTOMOBILE,STREET,N,N,1935,43.0,07,1170976.0,1918407.0,41.931585851,-87.6471041,"(41.931585851, -87.6471041)",19.0
13545,JA194062,03/20/2017 04:07:00 PM,031XX S ASHLAND AVE,0860,THEFT,RETAIL THEFT,GROCERY FOOD STORE,Y,N,912,11.0,06,1166183.0,1883676.0,41.836385231,-87.66571041,"(41.836385231, -87.66571041)",9.0
228576,HZ553425,12/16/2016 08:34:00 AM,0000X W CHECKPOINT 7 ST,0820,THEFT,$500 AND UNDER,AIRPORT TERMINAL UPPER LEVEL - SECURE AREA,N,N,1653,41.0,06,1101708.0,1934306.0,41.976454319,-87.901364605,"(41.976454319, -87.901364605)",16.0
225928,HZ552271,12/14/2016 10:30:00 PM,082XX S INDIANA AVE,0810,THEFT,OVER $500,STREET,N,N,631,6.0,06,1179024.0,1850446.0,41.744915409,-87.619604639,"(41.744915409, -87.619604639)",6.0
136602,JA464061,10/08/2017 09:00:00 PM,047XX S INGLESIDE AVE,0820,THEFT,$500 AND UNDER,STREET,N,N,222,4.0,06,1183417.0,1873658.0,41.808510159,-87.602785675,"(41.808510159, -87.602785675)",2.0
21959,JA204230,03/28/2017 08:59:00 PM,058XX W NORTH AVE,1210,DECEPTIVE PRACTICE,THEFT OF LABOR/SERVICES,TAXICAB,N,N,2531,29.0,11,1137336.0,1910045.0,41.909311866,-87.770928258,"(41.909311866, -87.770928258)",25.0
55016,JA248070,05/02/2017 05:15:00 PM,082XX S ABERDEEN ST,0910,MOTOR VEHICLE THEFT,AUTOMOBILE,DRIVEWAY - RESIDENTIAL,N,N,613,21.0,07,1170417.0,1850266.0,41.74461304,-87.651147103,"(41.74461304, -87.651147103)",6.0
127948,JA401153,08/20/2017 10:30:00 PM,069XX S CALUMET AVE,4230,KIDNAPPING,UNLAWFUL RESTRAINT,OTHER,N,N,322,6.0,26,1179684.0,1858861.0,41.767992049,-87.616929557,"(41.767992049, -87.616929557)",3.0
92787,JA452329,09/30/2017 01:45:00 AM,029XX W FULLERTON AVE,0460,BATTERY,SIMPLE,SIDEWALK,N,N,1414,35.0,08B,1156586.0,1915817.0,41.92478257,-87.700055258,"(41.92478257, -87.700055258)",14.0
137848,JA464527,10/09/2017 12:32:00 PM,012XX W HARRISON ST,2820,OTHER OFFENSE,TELEPHONE THREAT,"SCHOOL, PUBLIC, BUILDING",N,N,1231,2.0,26,1168312.0,1897499.0,41.874271066,-87.657499107,"(41.874271066, -87.657499107)",12.0
128376,JA297064,06/07/2017 04:39:00 PM,082XX S MUSKEGON AVE,0486,BATTERY,DOMESTIC BATTERY SIMPLE,RESIDENCE,N,N,423,7.0,08B,1196593.0,1850970.0,41.745935388,-87.555213021,"(41.745935388, -87.555213021)",4.0
161152,JA111443,01/11/2017 04:50:00 AM,074XX S PERRY AVE,1320,CRIMINAL DAMAGE,TO VEHICLE,STREET,N,N,731,6.0,14,1176684.0,1855576.0,41.75904568,-87.628024599,"(41.75904568, -87.628024599)",7.0
44262,JA232553,04/20/2017 03:30:00 PM,058XX N MILWAUKEE AVE,0560,ASSAULT,SIMPLE,STREET,N,N,1622,45.0,08A,1135180.0,1938377.0,41.987096346,-87.778174431,"(41.987096346, -87.778174431)",16.0
75766,JA278856,05/25/2017 01:30:00 PM,0000X S ABERDEEN ST,0810,THEFT,OVER $500,STREET,N,N,1232,2.0,06,1169064.0,1899843.0,41.880686894,-87.654670067,"(41.880686894, -87.654670067)",12.0
18047,JA321735,06/25/2017 09:25:00 AM,009XX N LARAMIE AVE,0560,ASSAULT,SIMPLE,RESIDENCE,Y,Y,1531,37.0,08A,1141522.0,1905710.0,41.897339782,-87.755657777,"(41.897339782, -87.755657777)",15.0
152906,JA139427,02/02/2017 05:01:00 PM,077XX S BURNHAM AVE,0484,BATTERY,PRO EMP HANDS NO/MIN INJURY,"SCHOOL, PUBLIC, GROUNDS",N,N,421,7.0,08B,1196066.0,1854156.0,41.754691074,-87.557038686,"(41.754691074, -87.557038686)",4.0
25939,JA208439,04/01/2017 10:30:00 AM,086XX S PAULINA ST,1320,CRIMINAL DAMAGE,TO VEHICLE,SIDEWALK,N,N,614,18.0,14,1166516.0,1847398.0,41.736826807,-87.665522445,"(41.736826807, -87.665522445)",6.0
200235,HZ527937,11/23/2016 10:00:00 PM,078XX S STONY ISLAND AVE,1320,CRIMINAL DAMAGE,TO VEHICLE,STREET,N,N,411,5.0,14,1188151.0,1853446.0,41.752935089,-87.586066926,"(41.752935089, -87.586066926)",4.0
243307,JA427097,09/11/2017 01:10:00 PM,102XX S BENSLEY AVE,0486,BATTERY,DOMESTIC BATTERY SIMPLE,RESIDENCE,N,Y,431,10.0,08B,1194499.0,1837646.0,41.709424833,-87.563322438,"(41.709424833, -87.563322438)",4.0
2693,JA443985,09/23/2017 08:55:00 PM,077XX S EVANS AVE,1310,CRIMINAL DAMAGE,TO PROPERTY,APARTMENT,N,Y,624,6.0,14,1182564.0,1853952.0,41.754454943,-87.606525164,"(41.754454943, -87.606525164)",6.0
109556,JA373620,08/02/2017 04:35:00 AM,021XX W 52ND PL,0910,MOTOR VEHICLE THEFT,AUTOMOBILE,STREET,N,N,932,16.0,07,1163088.0,1869663.0,41.797997388,-87.677459595,"(41.797997388, -87.677459595)",9.0
64044,JA342166,06/29/2017 11:00:00 AM,004XX E Oakwood Blvd,0820,THEFT,$500 AND UNDER,APARTMENT,N,N,214,3.0,06,1179766.0,1878783.0,41.822657958,-87.616019667,"(41.822657958, -87.616019667)",2.0
43585,JA331679,07/02/2017 02:30:00 PM,016XX W MAYPOLE AVE,2220,LIQUOR LAW VIOLATION,ILLEGAL POSSESSION BY MINOR,STREET,Y,N,1224,27.0,22,1165397.0,1901109.0,41.884239682,-87.668098893,"(41.884239682, -87.668098893)",12.0
164899,JA115932,01/14/2017 01:00:00 PM,054XX S WOLCOTT AVE,0520,ASSAULT,AGGRAVATED:KNIFE/CUTTING INSTR,APARTMENT,N,Y,932,16.0,04A,1164611.0,1868602.0,41.79505385,-87.671904413,"(41.79505385, -87.671904413)",9.0
250396,JA480676,10/21/2017 08:00:00 PM,023XX S THROOP ST,0820,THEFT,$500 AND UNDER,ATHLETIC CLUB,N,N,1235,25.0,06,1168075.0,1888508.0,41.849604126,-87.658628684,"(41.849604126, -87.658628684)",12.0
249002,JA271539,05/20/2017 01:13:01 AM,103XX S DOTY AVE E,2022,NARCOTICS,POSS: COCAINE,PARKING LOT/GARAGE(NON.RESID.),Y,N,434,10.0,18,,,,,,
198286,HZ519639,11/13/2016 11:40:00 AM,037XX N WHIPPLE ST,1750,OFFENSE INVOLVING CHILDREN,CHILD ABUSE,VEHICLE NON-COMMERCIAL,N,Y,1733,33.0,20,,,,,,
202982,HZ531608,11/25/2016 07:00:00 PM,002XX N CLARK ST,0610,BURGLARY,FORCIBLE ENTRY,RESTAURANT,N,N,111,42.0,05,1175500.0,1901787.0,41.885879253,-87.630979425,"(41.885879253, -87.630979425)",1.0
105878,JA369717,07/30/2017 11:45:00 AM,069XX N HAMILTON AVE,0486,BATTERY,DOMESTIC BATTERY SIMPLE,RESIDENCE,N,Y,2411,50.0,08B,1160739.0,1946212.0,42.008102733,-87.683948799,"(42.008102733, -87.683948799)",24.0
211428,HZ536644,12/02/2016 02:00:00 AM,011XX S WESTERN AVE,0420,BATTERY,AGGRAVATED:KNIFE/CUTTING INSTR,SIDEWALK,N,N,1225,25.0,04B,1160554.0,1894873.0,41.867229164,-87.686055646,"(41.867229164, -87.686055646)",12.0
110687,JA294286,06/05/2017 10:00:00 PM,124XX S EGGLESTON AVE,0530,ASSAULT,AGGRAVATED: OTHER DANG WEAPON,RESIDENCE,N,Y,523,34.0,04A,1175556.0,1822331.0,41.667842047,-87.633149453,"(41.667842047, -87.633149453)",5.0
185340,JA408009,08/27/2017 10:10:00 AM,131XX S CORLISS AVE,0486,BATTERY,DOMESTIC BATTERY SIMPLE,RESIDENCE,N,Y,533,9.0,08B,1184010.0,1818340.0,41.656697508,-87.602333893,"(41.656697508, -87.602333893)",5.0
107059,JA372163,07/31/2017 05:00:00 AM,027XX E 128TH ST,0810,THEFT,OVER $500,DRIVEWAY - RESIDENTIAL,N,N,433,10.0,06,1196544.0,1820690.0,41.662845349,-87.556393547,"(41.662845349, -87.556393547)",4.0
122096,JA396490,08/09/2017 12:05:00 PM,001XX S FRANKLIN ST,0820,THEFT,$500 AND UNDER,RESTAURANT,N,N,122,2.0,06,1174349.0,1899738.0,41.880282446,-87.635267303,"(41.880282446, -87.635267303)",1.0
248550,JA433956,09/16/2017 03:38:00 PM,077XX S SAGINAW AVE,0263,CRIM SEXUAL ASSAULT,AGGRAVATED: KNIFE/CUT INSTR,APARTMENT,N,Y,421,7.0,02,1195264.0,1854250.0,41.754968838,-87.559974619,"(41.754968838, -87.559974619)",4.0
50015,JA242556,04/27/2017 12:30:00 PM,062XX S MICHIGAN AVE,2820,OTHER OFFENSE,TELEPHONE THREAT,RESIDENCE,N,Y,311,20.0,26,1178263.0,1863570.0,41.780946398,-87.621995369,"(41.780946398, -87.621995369)",3.0
245310,JA482799,10/10/2017 11:30:00 AM,127XX S UNION AVE,1130,DECEPTIVE PRACTICE,FRAUD OR CONFIDENCE GAME,RESIDENCE,N,N,523,34.0,11,1173976.0,1820257.0,41.662185726,-87.638993026,"(41.662185726, -87.638993026)",5.0
253618,JA435465,09/17/2017 04:00:00 PM,007XX W 129TH PL,1310,CRIMINAL DAMAGE,TO PROPERTY,RESIDENCE,N,Y,523,34.0,14,1173588.0,1818903.0,41.658478689,-87.640452721,"(41.658478689, -87.640452721)",5.0
23419,JA324665,06/27/2017 01:10:00 PM,001XX S STATE ST,0860,THEFT,RETAIL THEFT,DEPARTMENT STORE,N,N,112,42.0,06,1176400.0,1899828.0,41.880483386,-87.62773362,"(41.880483386, -87.62773362)",1.0
122409,JA374475,07/31/2017 12:00:00 AM,082XX S JUSTINE ST,2826,OTHER OFFENSE,HARASSMENT BY ELECTRONIC MEANS,RESIDENCE PORCH/HALLWAY,N,N,614,21.0,26,1167439.0,1850043.0,41.744065365,-87.662065267,"(41.744065365, -87.662065267)",6.0
218969,HZ545190,12/08/2016 09:05:00 PM,008XX N MICHIGAN AVE,0860,THEFT,RETAIL THEFT,SMALL RETAIL STORE,Y,N,1833,42.0,06,1177338.0,1906181.0,41.897895128,-87.624096605,"(41.897895128, -87.624096605)",18.0
218126,HZ544442,12/07/2016 06:00:00 PM,088XX S SAGINAW AVE,0820,THEFT,$500 AND UNDER,STREET,N,N,423,7.0,06,1195413.0,1846912.0,41.734829103,-87.559670367,"(41.734829103, -87.559670367)",4.0
119176,JA390601,08/11/2017 02:00:00 PM,023XX W ERIE ST,0820,THEFT,$500 AND UNDER,RESIDENCE PORCH/HALLWAY,N,N,1221,1.0,06,1160688.0,1904281.0,41.893042789,-87.685302923,"(41.893042789, -87.685302923)",12.0
121626,JA457461,10/04/2017 12:07:00 AM,072XX S STEWART AVE,1320,CRIMINAL DAMAGE,TO VEHICLE,STREET,N,Y,731,17.0,14,1174879.0,1856872.0,41.762642477,-87.634601224,"(41.762642477, -87.634601224)",7.0
90982,JA289008,06/01/2017 07:00:00 PM,064XX S KENWOOD AVE,0910,MOTOR VEHICLE THEFT,AUTOMOBILE,VEHICLE NON-COMMERCIAL,N,N,314,20.0,07,1186179.0,1862494.0,41.777810401,-87.593008043,"(41.777810401, -87.593008043)",3.0
98806,JA360076,07/23/2017 11:00:00 AM,001XX W DIVISION ST,0320,ROBBERY,STRONGARM - NO WEAPON,ALLEY,N,N,1824,43.0,03,1174660.0,1908334.0,41.903863398,-87.633868052,"(41.903863398, -87.633868052)",18.0
214020,JA183707,03/11/2017 03:49:00 PM,041XX N SHERIDAN RD,0460,BATTERY,SIMPLE,RESIDENCE,N,N,1915,46.0,08B,1168858.0,1927685.0,41.957091328,-87.654617375,"(41.957091328, -87.654617375)",19.0
184064,HZ510040,11/10/2016 01:20:00 PM,047XX S HALSTED ST,0860,THEFT,RETAIL THEFT,DRUG STORE,Y,N,933,3.0,06,1171764.0,1873607.0,41.808634077,-87.645527495,"(41.808634077, -87.645527495)",9.0
158338,JA122974,01/20/2017 12:50:00 PM,020XX W COULTER ST,0560,ASSAULT,SIMPLE,APARTMENT,N,Y,1034,25.0,08A,1163079.0,1888246.0,41.848991422,-87.676971995,"(41.848991422, -87.676971995)",10.0
139182,JA466318,10/10/2017 06:40:00 PM,080XX S ELLIS AVE,0486,BATTERY,DOMESTIC BATTERY SIMPLE,APARTMENT,N,N,631,8.0,08B,1184288.0,1851978.0,41.748997945,-87.600268946,"(41.748997945, -87.600268946)",6.0
201664,JA302383,06/11/2017 04:10:00 PM,004XX N MICHIGAN AVE,0820,THEFT,$500 AND UNDER,STREET,N,N,1834,42.0,06,1177362.0,1903324.0,41.890054837,-87.624095197,"(41.890054837, -87.624095197)",18.0
24538,JA206126,03/30/2017 01:44:00 PM,002XX E 51ST ST,2820,OTHER OFFENSE,TELEPHONE THREAT,SMALL RETAIL STORE,N,N,224,3.0,26,1178614.0,1871258.0,41.80203503,-87.620474832,"(41.80203503, -87.620474832)",2.0
123684,JA380021,08/05/2017 09:00:00 AM,003XX E RANDOLPH ST,0870,THEFT,POCKET-PICKING,PARK PROPERTY,N,N,114,42.0,06,1178722.0,1901251.0,41.884335468,-87.619164088,"(41.884335468, -87.619164088)",1.0
77373,JA280470,05/26/2017 07:05:00 PM,034XX W CHICAGO AVE,0560,ASSAULT,SIMPLE,STREET,N,Y,1121,27.0,08A,1153471.0,1905124.0,41.895502578,-87.71178592,"(41.895502578, -87.71178592)",11.0
30535,JA219511,04/06/2017 04:25:00 PM,109XX S NORMAL AVE,0630,BURGLARY,ATTEMPT FORCIBLE ENTRY,RESIDENCE,N,N,2233,34.0,05,1174910.0,1832256.0,41.695092184,-87.635219335,"(41.695092184, -87.635219335)",22.0
183323,HZ509557,11/10/2016 03:20:00 AM,008XX W ADDISON ST,0560,ASSAULT,SIMPLE,POLICE FACILITY/VEH PARKING LOT,Y,N,1923,44.0,08A,1169826.0,1924123.0,41.947295978,-87.651162974,"(41.947295978, -87.651162974)",19.0
104488,JA366985,07/28/2017 12:50:00 PM,023XX W MARQUETTE RD,1365,CRIMINAL TRESPASS,TO RESIDENCE,APARTMENT,Y,N,832,15.0,26,1162024.0,1860174.0,41.771980517,-87.681625237,"(41.771980517, -87.681625237)",8.0
134633,JA113550,01/09/2017 02:00:00 PM,026XX W FARRAGUT AVE,0810,THEFT,OVER $500,VEHICLE NON-COMMERCIAL,N,N,2011,40.0,06,1157865.0,1934769.0,41.976762004,-87.694836838,"(41.976762004, -87.694836838)",20.0
12666,JA193483,03/19/2017 09:00:00 PM,017XX S LOOMIS ST,0810,THEFT,OVER $500,ALLEY,N,N,1233,25.0,06,1167312.0,1891750.0,41.858516879,-87.661335867,"(41.858516879, -87.661335867)",12.0
129312,JA406946,08/19/2017 04:40:00 PM,035XX N SOUTHPORT AVE,0560,ASSAULT,SIMPLE,SMALL RETAIL STORE,N,N,1922,44.0,08A,1166344.0,1923495.0,41.945648049,-87.663979849,"(41.945648049, -87.663979849)",19.0
61858,JA258471,05/10/2017 05:10:00 PM,018XX W LAWRENCE AVE,0860,THEFT,RETAIL THEFT,GROCERY FOOD STORE,N,N,2032,47.0,06,1163385.0,1931915.0,41.968815819,-87.674618145,"(41.968815819, -87.674618145)",19.0
13986,JA192152,03/19/2017 12:19:00 AM,040XX W MADISON ST,5011,OTHER OFFENSE,LICENSE VIOLATION,GROCERY FOOD STORE,N,N,1115,28.0,26,1149508.0,1899707.0,41.880715605,-87.726481891,"(41.880715605, -87.726481891)",11.0
164231,JA118510,01/16/2017 07:56:00 PM,046XX S ASHLAND AVE,1150,DECEPTIVE PRACTICE,CREDIT CARD FRAUD,CURRENCY EXCHANGE,N,N,924,3.0,11,1166461.0,1873646.0,41.808855912,-87.664976619,"(41.808855912, -87.664976619)",9.0
136330,JA405718,08/25/2017 12:25:00 PM,049XX W NORTH AVE,031A,ROBBERY,ARMED: HANDGUN,ALLEY,N,N,2533,37.0,03,1143125.0,1910181.0,41.909578938,-87.749658362,"(41.909578938, -87.749658362)",25.0
179262,HZ504436,11/06/2016 01:00:00 AM,035XX N CLARK ST,0460,BATTERY,SIMPLE,SIDEWALK,Y,N,1924,44.0,08B,1168657.0,1923609.0,41.945910991,-87.655474824,"(41.945910991, -87.655474824)",19.0
124375,JA459780,10/05/2017 02:00:00 PM,012XX W WASHINGTON BLVD,2830,OTHER OFFENSE,OBSCENE TELEPHONE CALLS,OTHER,N,N,1224,27.0,17,1167856.0,1900657.0,41.882946699,-87.659082235,"(41.882946699, -87.659082235)",12.0
133767,JA145596,02/05/2017 04:00:00 PM,075XX S TRUMBULL AVE,0430,BATTERY,AGGRAVATED: OTHER DANG WEAPON,RESIDENCE,N,N,835,18.0,04B,1154678.0,1854452.0,41.756428043,-87.708705941,"(41.756428043, -87.708705941)",8.0
120151,JA388040,08/12/2017 11:05:00 AM,009XX W BELMONT AVE,0560,ASSAULT,SIMPLE,SMALL RETAIL STORE,N,N,1924,44.0,08A,1169252.0,1921430.0,41.93991879,-87.653351358,"(41.93991879, -87.653351358)",19.0
48984,JA238102,04/25/2017 06:40:00 AM,055XX W VAN BUREN ST,031A,ROBBERY,ARMED: HANDGUN,SIDEWALK,N,N,1522,29.0,03,1139468.0,1897462.0,41.874743927,-87.763403157,"(41.874743927, -87.763403157)",15.0
38044,JA330780,07/01/2017 08:58:00 PM,030XX W 40TH ST,2220,LIQUOR LAW VIOLATION,ILLEGAL POSSESSION BY MINOR,SIDEWALK,Y,N,921,14.0,22,1156647.0,1877945.0,41.820856721,-87.700856505,"(41.820856721, -87.700856505)",9.0
236584,JA422425,08/21/2017 07:26:00 PM,064XX N HAMILTON AVE,4387,OTHER OFFENSE,VIOLATE ORDER OF PROTECTION,APARTMENT,N,Y,2412,50.0,26,1160804.0,1942689.0,41.998434162,-87.683807982,"(41.998434162, -87.683807982)",24.0
217851,JA309813,06/08/2017 02:00:00 PM,019XX W OHIO ST,0820,THEFT,$500 AND UNDER,STREET,N,N,1221,1.0,06,1163341.0,1904028.0,41.89229314,-87.675566589,"(41.89229314, -87.675566589)",12.0
194776,HZ524196,11/18/2016 07:30:00 PM,006XX W 74TH ST,0486,BATTERY,DOMESTIC BATTERY SIMPLE,RESIDENCE,Y,Y,732,17.0,08B,1173336.0,1855826.0,41.759806381,-87.640287428,"(41.759806381, -87.640287428)",7.0
9268,JA101951,01/01/2017 12:00:00 AM,035XX N CLARK ST,0890,THEFT,FROM BUILDING,BAR OR TAVERN,N,N,1924,44.0,06,,,,,,
82798,JA340802,07/09/2017 11:00:00 AM,064XX S DREXEL AVE,0520,ASSAULT,AGGRAVATED:KNIFE/CUTTING INSTR,SIDEWALK,N,N,312,20.0,04A,1183497.0,1862603.0,41.778172446,-87.602836797,"(41.778172446, -87.602836797)",3.0
24300,JA206111,03/30/2017 01:20:00 PM,027XX W FRANCIS PL,1310,CRIMINAL DAMAGE,TO PROPERTY,APARTMENT,N,N,1431,1.0,14,1157599.0,1913407.0,41.918148757,-87.696398811,"(41.918148757, -87.696398811)",14.0
23247,JA205442,03/29/2017 09:00:00 PM,065XX S CAMPBELL AVE,0486,BATTERY,DOMESTIC BATTERY SIMPLE,RESIDENCE,N,Y,832,15.0,08B,1160833.0,1861230.0,41.774903013,-87.685961959,"(41.774903013, -87.685961959)",8.0
220884,JA306132,06/13/2017 11:30:00 PM,073XX N ROGERS AVE,0820,THEFT,$500 AND UNDER,STREET,N,N,2424,49.0,06,1162924.0,1949022.0,42.015767673,-87.675830274,"(42.015767673, -87.675830274)",24.0
55591,JA249853,05/03/2017 10:14:00 PM,027XX W POLK ST,1477,WEAPONS VIOLATION,RECKLESS FIREARM DISCHARGE,STREET,N,N,1135,2.0,15,1158178.0,1896256.0,41.871073085,-87.694740531,"(41.871073085, -87.694740531)",11.0
263160,JA440696,09/21/2017 01:13:00 PM,047XX W MAYPOLE AVE,0486,BATTERY,DOMESTIC BATTERY SIMPLE,RESIDENCE,N,Y,1113,28.0,08B,1144692.0,1901041.0,41.884468347,-87.744132398,"(41.884468347, -87.744132398)",11.0
257750,JA489894,10/28/2017 07:30:00 PM,028XX N CLARK ST,0430,BATTERY,AGGRAVATED: OTHER DANG WEAPON,SIDEWALK,N,N,1934,44.0,04B,1171435.0,1919085.0,41.933436218,-87.645397373,"(41.933436218, -87.645397373)",19.0
40397,JA228103,04/17/2017 12:24:00 PM,013XX S SPRINGFIELD AVE,0530,ASSAULT,AGGRAVATED: OTHER DANG WEAPON,SIDEWALK,Y,N,1011,24.0,04A,1150591.0,1893587.0,41.863900549,-87.72266505,"(41.863900549, -87.72266505)",10.0
11534,JA109152,12/26/2016 09:30:00 AM,009XX W HURON ST,0890,THEFT,FROM BUILDING,RESIDENCE,N,N,1214,27.0,06,1169865.0,1905075.0,41.895026436,-87.651576249,"(41.895026436, -87.651576249)",12.0
99299,JA360584,07/23/2017 08:40:00 PM,103XX S BENSLEY AVE,0560,ASSAULT,SIMPLE,RESIDENTIAL YARD (FRONT/BACK),N,N,434,10.0,08A,1194512.0,1837014.0,41.707690243,-87.563295528,"(41.707690243, -87.563295528)",4.0
223165,JA307751,06/14/2017 12:01:00 AM,014XX E 69TH PL,0820,THEFT,$500 AND UNDER,STREET,N,N,332,5.0,06,1186937.0,1859196.0,41.768742465,-87.590333693,"(41.768742465, -87.590333693)",3.0
37065,JA223787,04/13/2017 07:50:00 PM,024XX E 79TH ST,0486,BATTERY,DOMESTIC BATTERY SIMPLE,SIDEWALK,N,Y,422,7.0,08B,1193673.0,1853057.0,41.751734248,-87.565844072,"(41.751734248, -87.565844072)",4.0
196769,JA170712,02/28/2017 11:15:00 PM,033XX W BELMONT AVE,0870,THEFT,POCKET-PICKING,CTA TRAIN,N,N,1412,35.0,06,1153353.0,1921084.0,41.939300539,-87.711794487,"(41.939300539, -87.711794487)",17.0
202283,HZ527393,11/24/2016 12:04:00 AM,014XX N MASSASOIT AVE,041A,BATTERY,AGGRAVATED: HANDGUN,RESIDENCE PORCH/HALLWAY,N,N,2531,29.0,04B,1137749.0,1908913.0,41.906198082,-87.769438393,"(41.906198082, -87.769438393)",25.0
171829,HZ498760,11/01/2016 08:15:00 PM,003XX E 51ST ST,0486,BATTERY,DOMESTIC BATTERY SIMPLE,SIDEWALK,N,N,231,3.0,08B,1179089.0,1871272.0,41.802062624,-87.618732403,"(41.802062624, -87.618732403)",2.0
240181,JA423610,09/08/2017 01:45:00 PM,054XX S ARCHER AVE,1320,CRIMINAL DAMAGE,TO VEHICLE,PARKING LOT/GARAGE(NON.RESID.),N,N,814,23.0,14,1144751.0,1869678.0,41.798402801,-87.744705049,"(41.798402801, -87.744705049)",8.0
208261,JA179335,03/08/2017 09:00:00 AM,047XX S UNION AVE,0460,BATTERY,SIMPLE,"SCHOOL, PUBLIC, GROUNDS",Y,N,935,11.0,08B,1172434.0,1873254.0,41.807650669,-87.643080489,"(41.807650669, -87.643080489)",9.0
200551,HZ528480,11/23/2016 06:00:00 PM,036XX W LEXINGTON ST,1320,CRIMINAL DAMAGE,TO VEHICLE,STREET,N,N,1133,24.0,14,1152230.0,1896453.0,41.871733025,-87.716572725,"(41.871733025, -87.716572725)",11.0
80077,JA287523,05/25/2017 09:05:00 AM,005XX W 35TH ST,0890,THEFT,FROM BUILDING,GOVERNMENT BUILDING/PROPERTY,N,N,915,11.0,06,1173449.0,1881713.0,41.830840524,-87.639107097,"(41.830840524, -87.639107097)",9.0
106530,JA371582,07/30/2017 12:00:00 AM,011XX N HERMITAGE AVE,0820,THEFT,$500 AND UNDER,STREET,N,N,1213,1.0,06,1164516.0,1907750.0,41.902481785,-87.671145813,"(41.902481785, -87.671145813)",12.0
256508,JA317368,06/21/2017 09:35:00 PM,072XX S HALSTED ST,1506,PROSTITUTION,SOLICIT ON PUBLIC WAY,STREET,Y,N,732,17.0,16,1172217.0,1856955.0,41.762929162,-87.644355406,"(41.762929162, -87.644355406)",7.0
48555,JA338378,07/03/2017 01:00:00 PM,032XX N MILWAUKEE AVE,1152,DECEPTIVE PRACTICE,ILLEGAL USE CASH CARD,SMALL RETAIL STORE,N,N,1732,31.0,11,1149974.0,1921066.0,41.939317702,-87.724213803,"(41.939317702, -87.724213803)",17.0
154555,JA139226,02/02/2017 01:22:00 PM,0000X S WABASH AVE,0890,THEFT,FROM BUILDING,RESTAURANT,N,N,112,42.0,06,1176815.0,1900227.0,41.881568892,-87.626197726,"(41.881568892, -87.626197726)",1.0
251995,JA481711,10/22/2017 07:00:00 PM,001XX E 71ST ST,0560,ASSAULT,SIMPLE,STREET,N,N,323,6.0,08A,1178523.0,1857976.0,41.765589971,-87.621211982,"(41.765589971, -87.621211982)",3.0
124243,JA394269,08/16/2017 09:45:00 PM,001XX W LA SALLE DR,0810,THEFT,OVER $500,STREET,N,N,1814,43.0,06,1174992.0,1911737.0,41.913193953,-87.632546423,"(41.913193953, -87.632546423)",18.0
252801,JA434557,09/17/2017 01:00:00 AM,0000X W HUBBARD ST,0810,THEFT,OVER $500,STREET,N,N,1831,42.0,06,1176062.0,1903312.0,41.890051295,-87.628869691,"(41.890051295, -87.628869691)",18.0
68148,JA271323,05/16/2017 01:20:00 AM,008XX N CICERO AVE,0810,THEFT,OVER $500,GAS STATION,N,N,1111,37.0,06,1144207.0,1904963.0,41.895239896,-87.745814792,"(41.895239896, -87.745814792)",15.0
207624,HZ533402,11/29/2016 02:09:00 PM,107XX S INDIANA AVE,2027,NARCOTICS,POSS: CRACK,STREET,Y,N,513,9.0,18,1179481.0,1833847.0,41.699355225,-87.618435211,"(41.699355225, -87.618435211)",5.0
174073,HZ506574,11/03/2016 02:51:00 AM,010XX W OAKDALE AVE,4387,OTHER OFFENSE,VIOLATE ORDER OF PROTECTION,RESIDENCE,N,Y,1933,44.0,26,1168910.0,1919760.0,41.935343672,-87.654656897,"(41.935343672, -87.654656897)",19.0
205041,HZ531081,11/27/2016 05:00:00 PM,017XX W JARVIS AVE,0496,BATTERY,AGGRAVATED DOMESTIC BATTERY: KNIFE/CUTTING INST,APARTMENT,N,Y,2423,49.0,04B,1163613.0,1949089.0,42.015936971,-87.673293082,"(42.015936971, -87.673293082)",24.0
239629,JA421993,09/07/2017 10:14:00 AM,074XX S KENWOOD AVE,0486,BATTERY,DOMESTIC BATTERY SIMPLE,APARTMENT,N,Y,324,5.0,08B,1186499.0,1855934.0,41.759801612,-87.592042204,"(41.759801612, -87.592042204)",3.0
239931,JA411022,08/29/2017 05:03:00 PM,0000X E CHICAGO AVE,0320,ROBBERY,STRONGARM - NO WEAPON,SIDEWALK,Y,N,1833,42.0,03,1176718.0,1905741.0,41.896701788,-87.626387093,"(41.896701788, -87.626387093)",18.0
141699,JA469553,10/12/2017 12:00:00 PM,002XX E PERSHING RD,0890,THEFT,FROM BUILDING,"SCHOOL, PUBLIC, BUILDING",N,N,212,3.0,06,1178744.0,1879190.0,41.823798151,-87.619756522,"(41.823798151, -87.619756522)",2.0
256840,JA491656,10/27/2017 03:30:00 PM,027XX N PULASKI RD,0810,THEFT,OVER $500,CONSTRUCTION SITE,N,N,2524,30.0,06,1149243.0,1918234.0,41.931560674,-87.726974069,"(41.931560674, -87.726974069)",25.0
41606,JA237765,03/04/2017 08:00:00 PM,017XX W DIVERSEY PKWY,0890,THEFT,FROM BUILDING,RESIDENCE-GARAGE,N,N,1931,32.0,06,,,,,,
3890,HZ564957,12/25/2016 10:50:00 PM,120XX S LAFAYETTE AVE,0486,BATTERY,DOMESTIC BATTERY SIMPLE,RESIDENCE,N,Y,523,9.0,08B,1178090.0,1825214.0,41.675696574,-87.623788764,"(41.675696574, -87.623788764)",5.0
31551,JA215534,04/07/2017 03:05:00 AM,034XX W AINSLIE ST,0486,BATTERY,DOMESTIC BATTERY SIMPLE,APARTMENT,N,Y,1712,39.0,08B,1152363.0,1932339.0,41.970204687,-87.715134638,"(41.970204687, -87.715134638)",17.0
67435,JA455547,08/16/2017 03:30:00 PM,049XX S WASHINGTON PARK CT,0620,BURGLARY,UNLAWFUL ENTRY,APARTMENT,N,N,223,4.0,05,,,,,,
84654,JA345890,07/11/2017 07:00:00 AM,023XX E 83RD ST,0910,MOTOR VEHICLE THEFT,AUTOMOBILE,RESIDENCE-GARAGE,N,N,414,7.0,07,1193400.0,1850401.0,41.744452642,-87.566931163,"(41.744452642, -87.566931163)",4.0
129981,JA382738,08/08/2017 03:00:00 PM,001XX W 103RD ST,0820,THEFT,$500 AND UNDER,SIDEWALK,Y,Y,512,34.0,06,1176967.0,1836653.0,41.707112183,-87.627556114,"(41.707112183, -87.627556114)",5.0
65725,JA262909,05/14/2017 02:00:00 AM,015XX W 78TH ST,5002,OTHER OFFENSE,OTHER VEHICLE OFFENSE,STREET,N,Y,612,17.0,26,1167359.0,1853004.0,41.752192477,-87.662273781,"(41.752192477, -87.662273781)",6.0
123855,JA393528,08/16/2017 11:00:00 AM,014XX W 17TH ST,4387,OTHER OFFENSE,VIOLATE ORDER OF PROTECTION,RESIDENCE,N,N,1233,25.0,26,1167089.0,1891840.0,41.858768633,-87.662151835,"(41.858768633, -87.662151835)",12.0
2747,JA324972,06/22/2017 09:00:00 PM,007XX W CORNELIA AVE,2826,OTHER OFFENSE,HARASSMENT BY ELECTRONIC MEANS,RESIDENCE,N,N,1925,46.0,26,1170553.0,1923454.0,41.945444308,-87.648510381,"(41.945444308, -87.648510381)",19.0
130523,JA402445,08/22/2017 10:56:00 PM,019XX S TRUMBULL AVE,5000,OTHER OFFENSE,OTHER CRIME AGAINST PERSON,APARTMENT,N,N,1024,24.0,26,1153726.0,1890368.0,41.855005477,-87.711242159,"(41.855005477, -87.711242159)",10.0
149503,JA414752,09/01/2017 12:09:00 PM,018XX S HAMLIN AVE,2014,NARCOTICS,MANU/DELIVER: HEROIN (WHITE),VEHICLE NON-COMMERCIAL,Y,N,1014,24.0,18,,,,,,
156730,JA123875,01/21/2017 02:00:00 AM,084XX S VINCENNES AVE,0486,BATTERY,DOMESTIC BATTERY SIMPLE,APARTMENT,N,Y,622,21.0,08B,1173850.0,1848976.0,41.74099774,-87.638606337,"(41.74099774, -87.638606337)",6.0
258795,JA494278,10/26/2017 11:23:00 AM,008XX N KEDZIE AVE,1110,DECEPTIVE PRACTICE,BOGUS CHECK,BANK,N,N,1121,27.0,11,1154891.0,1905271.0,41.895877613,-87.706566627,"(41.895877613, -87.706566627)",12.0
184779,HZ511420,11/11/2016 10:30:00 AM,090XX S BURLEY AVE,0560,ASSAULT,SIMPLE,"SCHOOL, PUBLIC, BUILDING",N,N,424,10.0,08A,1199243.0,1845568.0,41.731045732,-87.545684266,"(41.731045732, -87.545684266)",4.0
214176,HZ540014,12/04/2016 04:20:00 PM,021XX W COULTER ST,1310,CRIMINAL DAMAGE,TO PROPERTY,APARTMENT,N,N,1034,25.0,14,1162428.0,1887906.0,41.848072057,-87.679370731,"(41.848072057, -87.679370731)",10.0
235796,JA417720,09/03/2017 09:53:00 PM,008XX W 102ND ST,0110,HOMICIDE,FIRST DEGREE MURDER,AUTO,N,N,2232,34.0,01A,1172356.0,1837201.0,41.708718442,-87.64442549,"(41.708718442, -87.64442549)",22.0
103355,JA366703,07/27/2017 03:00:00 PM,014XX W 90TH ST,1154,DECEPTIVE PRACTICE,FINANCIAL IDENTITY THEFT $300 AND UNDER,APARTMENT,N,N,2222,21.0,11,1168391.0,1845068.0,41.730392818,-87.658719931,"(41.730392818, -87.658719931)",22.0
199041,JA172887,03/02/2017 07:15:00 PM,0000X W TERMINAL ST,1350,CRIMINAL TRESPASS,TO STATE SUP LAND,AIRPORT TERMINAL UPPER LEVEL - NON-SECURE AREA,Y,N,1655,41.0,26,1104700.0,1933741.0,41.974861952,-87.890372151,"(41.974861952, -87.890372151)",16.0
252709,JA315048,06/20/2017 11:41:00 AM,049XX S DORCHESTER AVE,0890,THEFT,FROM BUILDING,OTHER,N,N,222,4.0,06,1186394.0,1872474.0,41.805191219,-87.59190433,"(41.805191219, -87.59190433)",2.0
194027,JA171797,02/07/2017 12:00:00 PM,022XX N MONITOR AVE,0610,BURGLARY,FORCIBLE ENTRY,RESIDENCE,N,N,2515,37.0,05,1137027.0,1914248.0,41.920850944,-87.771962342,"(41.920850944, -87.771962342)",25.0
262913,JA441641,09/21/2017 10:00:00 PM,027XX W CONGRESS PKWY,0820,THEFT,$500 AND UNDER,STREET,N,N,1135,28.0,06,1158326.0,1897654.0,41.874906311,-87.694158947,"(41.874906311, -87.694158947)",11.0
64820,JA262655,05/13/2017 09:00:00 PM,019XX S WELLS ST,0320,ROBBERY,STRONGARM - NO WEAPON,PARKING LOT/GARAGE(NON.RESID.),N,N,914,25.0,03,1175005.0,1891099.0,41.856561793,-87.633117317,"(41.856561793, -87.633117317)",9.0
41090,JA230566,04/16/2017 03:25:00 AM,004XX W BRIAR PL,0890,THEFT,FROM BUILDING,RESIDENCE PORCH/HALLWAY,N,N,1934,44.0,06,1172675.0,1921029.0,41.938743235,-87.640782775,"(41.938743235, -87.640782775)",19.0
191335,JA165270,01/20/2017 01:00:00 PM,071XX S CAMPBELL AVE,5002,OTHER OFFENSE,OTHER VEHICLE OFFENSE,STREET,Y,Y,832,18.0,26,1160942.0,1857263.0,41.764014745,-87.685671886,"(41.764014745, -87.685671886)",8.0
175203,JA475109,10/17/2017 07:00:00 PM,028XX W 25TH ST,0486,BATTERY,DOMESTIC BATTERY SIMPLE,APARTMENT,Y,Y,1033,12.0,08B,1157863.0,1887277.0,41.846440182,-87.696141661,"(41.846440182, -87.696141661)",10.0
87498,JA348345,07/14/2017 07:20:00 AM,007XX W SCHUBERT AVE,0620,BURGLARY,UNLAWFUL ENTRY,APARTMENT,N,N,1935,43.0,05,1170664.0,1918396.0,41.931562513,-87.648250962,"(41.931562513, -87.648250962)",19.0
137337,JA464613,10/09/2017 01:31:00 PM,018XX N MAUD AVE,0820,THEFT,$500 AND UNDER,RESIDENCE PORCH/HALLWAY,N,N,1811,32.0,06,1168919.0,1912649.0,41.915830528,-87.654830609,"(41.915830528, -87.654830609)",18.0
54886,JA248909,05/02/2017 06:00:00 PM,012XX S SPRINGFIELD AVE,1310,CRIMINAL DAMAGE,TO PROPERTY,STREET,N,N,1011,24.0,14,1150576.0,1894097.0,41.865300341,-87.722706798,"(41.865300341, -87.722706798)",10.0
207892,JA137683,02/01/2017 02:00:00 AM,003XX E 120TH ST,0910,MOTOR VEHICLE THEFT,AUTOMOBILE,STREET,Y,N,532,9.0,07,1180278.0,1825453.0,41.676302704,-87.615772982,"(41.676302704, -87.615772982)",5.0
110268,JA375756,08/03/2017 03:30:00 PM,032XX W 87TH ST,1330,CRIMINAL TRESPASS,TO LAND,OTHER,N,N,834,18.0,26,1156105.0,1846713.0,41.735162406,-87.703683752,"(41.735162406, -87.703683752)",8.0
119879,JA218282,04/09/2017 07:58:00 AM,016XX E 74TH PL,2017,NARCOTICS,MANU/DELIVER:CRACK,VEHICLE NON-COMMERCIAL,Y,N,324,8.0,18,,,,,,
259178,JA491957,10/30/2017 01:40:00 PM,006XX E 111TH ST,0560,ASSAULT,SIMPLE,SIDEWALK,N,Y,513,9.0,08A,1182015.0,1831471.0,41.692777068,-87.609230042,"(41.692777068, -87.609230042)",5.0
131932,JA404852,08/24/2017 06:00:00 PM,017XX S LAFLIN ST,0486,BATTERY,DOMESTIC BATTERY SIMPLE,APARTMENT,N,Y,1233,25.0,08B,1166646.0,1891737.0,41.858495484,-87.663780879,"(41.858495484, -87.663780879)",12.0
146867,JA107017,01/07/2017 08:20:00 AM,048XX W EDDY ST,0910,MOTOR VEHICLE THEFT,AUTOMOBILE,DRIVEWAY - RESIDENTIAL,N,N,1634,38.0,07,1143454.0,1923184.0,41.945254317,-87.748123725,"(41.945254317, -87.748123725)",16.0
121958,JA391153,08/14/2017 06:33:00 PM,056XX W DIVISION ST,141A,WEAPONS VIOLATION,UNLAWFUL USE HANDGUN,SIDEWALK,N,N,1511,29.0,15,1138361.0,1907431.0,41.902120234,-87.767226178,"(41.902120234, -87.767226178)",15.0
